"V1","V2"
0.421384982294128,0.597570013326376
0.497814191950815,0.770525207361172
0.644768353460659,0.664867502963657
0.630193731753834,0.341935896346393
0.841920423008469,0.082640467779397
0.900547298664827,0.323476467258432
0.209205673005298,0.489878141434934
1,-0.0785632706957246
0.573636058826863,0.0682332320047614
0.671078301475392,-0.424324585653501
0.875463913422197,-0.28370274821504
0.785714251320819,-0.601145868989422
0.330934885759689,-0.0675869320168062
0.633099154326541,-0.158393029835037
0.509128358782934,-0.543791334357856
0.267775730653107,-0.388418538428345
-0.619467005349078,-0.477007846278088
-0.652290800987863,-0.651719634305616
-0.354554485019387,-0.586952589528138
-0.193541236953727,-0.288885808255581
0.116710449168829,-0.220245394598268
-0.260552460436451,-1
-0.474557650135568,-0.910405793785043
-0.0557289967175556,-0.971073486239304
-0.215655961501144,-0.810001096684358
0.106038614738432,-0.81876254441532
-0.457992793101072,0.217731724419836
-0.674283222364338,0.309061951905088
-0.428920912060649,0.480704606248378
-0.375862201242003,0.00978486154636782
-0.508853577905435,-0.100884358036902
-0.961975591047729,0.0259616679540429
-1,0.209319696466886
-0.743991214716057,0.503470380897624
-0.708635005125656,0.039833063435039
-0.0929740038350537,-0.599715906528313
0.0645820128630195,1
0.0479969324695493,0.796819678663569
-0.0945626610345143,0.579978436621848
-0.217235951546758,0.850461628153738
0.15577941066243,0.146589667714134
